Time,curr_Y,neck_angle,shoulder_diff,Status,Issues
14:13:39,0.2466,90.1,0.0382,GOOD POSTURE,
14:13:42,0.3009,96.4,0.0263,GOOD POSTURE,
14:13:45,0.2988,99.0,0.0616,BAD POSTURE,Body Tilt
14:13:48,0.2823,99.8,0.0797,BAD POSTURE,Body Tilt
14:13:51,0.2502,93.4,0.0698,BAD POSTURE,Body Tilt
Time,curr_Y,neck_angle,shoulder_diff,Status,Issues
14:14:06,0.2671,97.6,0.0591,GOOD POSTURE,
14:14:09,0.2769,95.3,0.0641,GOOD POSTURE,
14:14:12,0.2927,94.0,0.0710,GOOD POSTURE,
14:14:15,0.2784,93.4,0.0689,GOOD POSTURE,
14:14:18,0.2783,94.7,0.0670,GOOD POSTURE,
14:14:21,0.2579,92.0,0.0594,GOOD POSTURE,
Time,curr_Y,neck_angle,shoulder_diff,Status,Issues
14:14:30,0.2477,87.2,0.0442,GOOD POSTURE,
14:14:33,0.2693,93.6,0.0556,GOOD POSTURE,
14:14:36,0.2778,93.7,0.0855,BAD POSTURE,Body Tilt
14:14:39,0.2720,94.4,0.0818,BAD POSTURE,Body Tilt
14:14:42,0.2702,93.4,0.0806,BAD POSTURE,Body Tilt
14:14:45,0.2611,94.3,0.0792,BAD POSTURE,Body Tilt
14:14:48,0.2498,93.5,0.0642,BAD POSTURE,Body Tilt
Time,curr_Y,neck_angle,shoulder_diff,Status,Issues
Time,curr_Y,neck_angle,shoulder_diff,Status,Issues
14:28:31,0.2611,78.7,0.0018,GOOD POSTURE,
14:28:34,0.3302,92.2,0.0089,GOOD POSTURE,
14:28:37,0.3453,85.5,0.0199,GOOD POSTURE,
14:28:40,0.2830,67.1,0.0086,GOOD POSTURE,
14:28:43,0.2627,83.3,0.0748,BAD POSTURE,Body Tilt
Time,curr_Y,neck_angle,shoulder_diff,Status,Issues
Time,curr_Y,neck_angle,shoulder_diff,Status,Issues
14:29:41,0.2637,86.8,0.0098,GOOD POSTURE,
14:29:44,0.2656,85.8,0.0059,GOOD POSTURE,
Time,curr_Y,neck_angle,shoulder_diff,Status,Issues
14:31:35,0.2024,91.7,0.0121,GOOD POSTURE,
14:31:38,0.2127,96.6,0.0505,BAD POSTURE,Body Tilt
14:31:41,0.2280,88.3,0.0795,BAD POSTURE,Body Tilt
14:31:44,0.2266,81.7,0.0737,BAD POSTURE,Body Tilt
14:31:47,0.3630,101.2,0.1369,BAD POSTURE,Body Tilt
14:31:50,0.3271,91.8,0.0761,BAD POSTURE,Body Tilt
14:31:53,0.3504,112.0,0.1562,BAD POSTURE,Body Tilt
14:31:56,0.3051,97.0,0.0882,BAD POSTURE,Body Tilt
14:31:59,0.2534,98.4,0.0168,GOOD POSTURE,
14:32:02,0.2384,98.0,0.0764,BAD POSTURE,Body Tilt
14:32:05,0.2114,93.6,0.0896,BAD POSTURE,Body Tilt
Time,curr_Y,neck_angle,shoulder_diff,Status,Issues
Time,curr_Y,neck_angle,shoulder_diff,Status,Issues
Time,curr_Y,neck_angle,shoulder_diff,Status,Issues
Time,curr_Y,neck_angle,shoulder_diff,Status,Issues
Time,curr_Y,neck_angle,shoulder_diff,Status,Issues
Time,curr_Y,neck_angle,shoulder_diff,Status,Issues
Time,curr_Y,neck_angle,shoulder_diff,Status,Issues
Time,curr_Y,neck_angle,shoulder_diff,Status,Issues
Time,curr_Y,neck_angle,shoulder_diff,Status,Issues
Time,curr_Y,neck_angle,shoulder_diff,Status,Issues
Time,curr_Y,neck_angle,shoulder_diff,Status,Issues
Time,curr_Y,neck_angle,shoulder_diff,Status,Issues
Time,curr_Y,neck_angle,shoulder_diff,Status,Issues
Time,curr_Y,neck_angle,shoulder_diff,Status,Issues
Time,curr_Y,neck_angle,shoulder_diff,Status,Issues
15:19:17,0.2776,78.7,0.0382,GOOD POSTURE,
15:19:20,0.2879,93.3,0.1016,BAD POSTURE,Body Tilt
15:19:23,0.2691,69.6,0.0057,GOOD POSTURE,
15:19:26,0.2457,75.0,0.0530,GOOD POSTURE,
Time,curr_Y,neck_angle,shoulder_diff,Status,Issues
Time,curr_Y,neck_angle,shoulder_diff,Status,Issues
Time,curr_Y,neck_angle,shoulder_diff,Status,Issues
Time,curr_Y,neck_angle,shoulder_diff,Status,Issues
Time,curr_Y,neck_angle,shoulder_diff,Status,Issues
Time,curr_Y,neck_angle,shoulder_diff,Status,Issues
Time,curr_Y,neck_angle,shoulder_diff,Status,Issues
15:34:34,0.2779,86.4,0.0556,GOOD POSTURE,
15:34:37,0.2661,89.1,0.0883,BAD POSTURE,Body Tilt
Time,curr_Y,neck_angle,shoulder_diff,Status,Issues
Time,curr_Y,neck_angle,shoulder_diff,Status,Issues
Time,curr_Y,neck_angle,shoulder_diff,Status,Issues
Time,curr_Y,neck_angle,shoulder_diff,Status,Issues
15:38:39,0.2110,86.9,0.0193,GOOD POSTURE,
15:38:43,0.2289,95.3,0.0788,GOOD POSTURE,
15:38:46,0.2618,87.1,0.0231,GOOD POSTURE,
15:38:49,0.2357,92.7,0.1165,BAD POSTURE,Body Tilt
Time,curr_Y,neck_angle,shoulder_diff,Status,Issues
15:45:28,0.2779,75.6,0.0411,GOOD POSTURE,
15:45:31,0.2543,85.8,0.0696,BAD POSTURE,Body Tilt
15:45:34,0.2601,91.2,0.0576,GOOD POSTURE,
15:45:37,0.3073,109.9,0.1507,BAD POSTURE,Body Tilt
15:45:40,0.3286,104.2,0.1278,BAD POSTURE,Body Tilt
15:45:43,0.3259,99.0,0.1149,BAD POSTURE,Body Tilt
15:45:46,0.3289,100.4,0.0952,BAD POSTURE,Body Tilt
15:45:49,0.3122,92.3,0.0878,BAD POSTURE,Body Tilt
15:45:52,0.2935,83.4,0.0840,BAD POSTURE,Body Tilt
Time,curr_Y,neck_angle,shoulder_diff,Status,Issues
15:46:41,0.2404,77.3,0.0634,GOOD POSTURE,
15:46:44,0.2898,105.4,0.1431,BAD POSTURE,Body Tilt
15:46:47,0.2905,92.9,0.0957,BAD POSTURE,Body Tilt
15:46:50,0.2918,86.6,0.0590,GOOD POSTURE,
15:46:53,0.2723,83.4,0.0936,BAD POSTURE,Body Tilt
15:46:57,0.2612,86.5,0.0934,BAD POSTURE,Body Tilt
Time,curr_Y,neck_angle,shoulder_diff,Status,Issues
Time,curr_Y,neck_angle,shoulder_diff,Status,Issues
Time,curr_Y,neck_angle,shoulder_diff,Status,Issues
Time,curr_Y,neck_angle,shoulder_diff,Status,Issues
Time,curr_Y,neck_angle,shoulder_diff,Status,Issues
15:48:55,0.2008,77.1,0.1508,GOOD POSTURE,
15:48:58,0.2255,86.4,0.1892,BAD POSTURE,Body Tilt
Time,curr_Y,neck_angle,shoulder_diff,Status,Issues
15:49:23,0.2133,85.1,0.0227,GOOD POSTURE,
15:49:26,0.2087,88.4,0.0642,BAD POSTURE,Body Tilt
Time,curr_Y,neck_angle,shoulder_diff,Status,Issues
15:49:47,0.2153,95.3,0.0580,BAD POSTURE,Body Tilt
15:49:50,0.2281,85.1,0.0497,BAD POSTURE,Body Tilt
15:49:53,0.2730,95.4,0.0431,BAD POSTURE,Body Tilt
15:49:56,0.3053,100.1,0.0441,BAD POSTURE,Body Tilt
15:49:59,0.3034,100.3,0.0427,BAD POSTURE,Body Tilt
15:50:02,0.2724,87.6,0.0397,GOOD POSTURE,
Time,curr_Y,neck_angle,shoulder_diff,Status,Issues
15:50:42,0.3089,101.7,0.0751,GOOD POSTURE,
15:50:45,0.3002,99.4,0.0871,GOOD POSTURE,
15:50:48,0.2807,110.3,0.1461,BAD POSTURE,Body Tilt
15:50:51,0.2944,110.5,0.1395,BAD POSTURE,Body Tilt
15:50:54,0.2474,70.0,0.0176,BAD POSTURE,Forward/Head Drop/Hunching
Time,curr_Y,neck_angle,shoulder_diff,Status,Issues
15:51:24,0.2638,94.7,0.1101,GOOD POSTURE,
15:51:27,0.2480,82.2,0.0670,GOOD POSTURE,
Time,curr_Y,neck_angle,shoulder_diff,Status,Issues
15:51:47,0.2518,84.4,0.0539,GOOD POSTURE,
Time,curr_Y,neck_angle,shoulder_diff,Status,Issues
Time,curr_Y,neck_angle,shoulder_diff,Status,Issues
Time,curr_Y,neck_angle,shoulder_diff,Status,Issues
15:54:23,0.2377,87.8,0.0918,GOOD POSTURE,
Time,curr_Y,neck_angle,shoulder_diff,Status,Issues
15:54:48,0.2024,87.0,0.1108,GOOD POSTURE,
Time,curr_Y,neck_angle,shoulder_diff,Status,Issues
15:55:20,0.2410,99.3,0.1372,GOOD POSTURE,
15:55:23,0.2763,90.8,0.0616,GOOD POSTURE,
Time,curr_Y,neck_angle,shoulder_diff,Status,Issues
Time,curr_Y,neck_angle,shoulder_diff,Status,Issues
15:55:48,0.2629,86.4,0.0135,GOOD POSTURE,
15:55:51,0.2479,93.8,0.0777,BAD POSTURE,Body Tilt
15:55:54,0.2324,88.1,0.0813,BAD POSTURE,Body Tilt
15:55:57,0.2470,89.3,0.0432,GOOD POSTURE,
15:56:00,0.2349,87.9,0.0688,BAD POSTURE,Body Tilt
Time,curr_Y,neck_angle,shoulder_diff,Status,Issues
15:56:22,0.2289,91.9,0.1315,GOOD POSTURE,
15:56:25,0.2824,88.4,0.0615,GOOD POSTURE,
15:56:28,0.2913,110.8,0.1548,BAD POSTURE,Body Tilt
15:56:31,0.3004,106.3,0.1575,BAD POSTURE,Body Tilt
15:56:34,0.2846,104.4,0.1623,BAD POSTURE,Body Tilt
Time,curr_Y,neck_angle,shoulder_diff,Status,Issues
15:56:56,0.2415,100.7,0.1575,GOOD POSTURE,
15:56:59,0.2561,104.4,0.1768,BAD POSTURE,Body Tilt
15:57:02,0.2689,106.5,0.1760,BAD POSTURE,Body Tilt
Time,curr_Y,neck_angle,shoulder_diff,Status,Issues
15:59:46,0.2323,84.2,0.0866,GOOD POSTURE,
15:59:49,0.2473,96.0,0.1409,BAD POSTURE,Body Tilt
15:59:52,0.2386,94.9,0.1355,BAD POSTURE,Body Tilt
15:59:55,0.2404,94.6,0.1182,BAD POSTURE,Body Tilt
15:59:58,0.2580,95.1,0.1366,BAD POSTURE,Body Tilt
16:00:01,0.2521,90.9,0.1543,BAD POSTURE,Body Tilt
16:00:04,0.2530,99.7,0.1053,GOOD POSTURE,
16:00:07,0.2488,87.2,0.0442,GOOD POSTURE,
16:00:10,0.2438,80.6,0.0451,GOOD POSTURE,
Time,curr_Y,neck_angle,shoulder_diff,Status,Issues
16:03:32,0.2651,80.9,0.0862,GOOD POSTURE,
Time,curr_Y,neck_angle,shoulder_diff,Status,Issues
Time,curr_Y,neck_angle,shoulder_diff,Status,Issues
16:04:21,0.2433,85.7,0.0935,BAD POSTURE,Body Tilt
16:04:24,0.2729,93.8,0.1083,BAD POSTURE,Body Tilt
16:04:27,0.2742,94.2,0.1244,BAD POSTURE,Body Tilt
16:04:30,0.2792,98.3,0.1585,BAD POSTURE,Body Tilt
16:04:33,0.2733,85.8,0.1374,BAD POSTURE,Body Tilt
16:04:36,0.2202,82.0,0.0642,GOOD POSTURE,
Time,curr_Y,neck_angle,shoulder_diff,Status,Issues
16:05:00,0.2317,86.9,0.1199,GOOD POSTURE,
Time,curr_Y,neck_angle,shoulder_diff,Status,Issues
16:05:36,0.2121,84.8,0.0463,BAD POSTURE,Body Tilt
16:05:39,0.2058,90.0,0.0633,BAD POSTURE,Body Tilt
16:05:42,0.2273,87.2,0.1006,BAD POSTURE,Body Tilt
Time,curr_Y,neck_angle,shoulder_diff,Status,Issues
16:06:35,0.2389,90.9,0.1580,BAD POSTURE,Body Tilt
16:06:38,0.2391,92.8,0.1613,BAD POSTURE,Body Tilt
16:06:41,0.2378,91.1,0.1591,BAD POSTURE,Body Tilt
Time,curr_Y,neck_angle,shoulder_diff,Status,Issues
16:07:25,0.2048,74.8,0.0845,GOOD POSTURE,
16:07:28,0.2631,87.7,0.0815,GOOD POSTURE,
16:07:31,0.2853,101.3,0.1464,BAD POSTURE,Body Tilt
16:07:34,0.2768,98.8,0.1485,BAD POSTURE,Body Tilt
16:07:37,0.2630,86.9,0.1200,BAD POSTURE,Body Tilt
16:07:40,0.2564,86.5,0.1233,BAD POSTURE,Body Tilt
16:07:43,0.2750,90.3,0.1055,BAD POSTURE,Body Tilt
16:07:46,0.1819,90.4,0.0791,GOOD POSTURE,
16:07:49,0.3202,131.3,0.1550,BAD POSTURE,Body Tilt
16:07:52,0.2070,83.7,0.0630,GOOD POSTURE,
16:07:55,0.2846,105.0,0.2430,BAD POSTURE,Body Tilt
16:07:58,0.2877,103.5,0.2034,BAD POSTURE,Body Tilt
16:08:01,0.2199,94.5,0.0070,GOOD POSTURE,
16:08:04,0.2073,96.9,0.0065,GOOD POSTURE,
16:08:07,0.2937,102.8,0.0403,GOOD POSTURE,
16:08:10,0.2192,86.0,0.0480,GOOD POSTURE,
16:08:13,0.0619,72.6,0.1094,BAD POSTURE,Forward/Head Drop/Body Tilt
Time,curr_Y,neck_angle,shoulder_diff,Status,Issues
16:09:00,0.2114,92.3,0.0945,GOOD POSTURE,
16:09:03,0.2331,90.9,0.1384,BAD POSTURE,Body Tilt
16:09:06,0.2277,91.6,0.1409,BAD POSTURE,Body Tilt
16:09:09,0.1792,79.7,0.0749,GOOD POSTURE,
16:09:12,0.1933,75.9,0.0572,GOOD POSTURE,
Time,curr_Y,neck_angle,shoulder_diff,Status,Issues
16:10:23,0.1816,81.8,0.0997,GOOD POSTURE,
16:10:26,0.2179,99.5,0.1483,BAD POSTURE,Body Tilt
16:10:29,0.2198,101.2,0.1410,BAD POSTURE,Body Tilt
16:10:33,0.2325,100.5,0.1644,BAD POSTURE,Body Tilt
Time,curr_Y,neck_angle,shoulder_diff,Status,Issues
16:11:54,0.2211,91.5,0.0957,GOOD POSTURE,
Time,curr_Y,neck_angle,shoulder_diff,Status,Issues
16:12:15,0.2342,94.0,0.1125,BAD POSTURE,Body Tilt
16:12:19,0.2199,86.2,0.0372,GOOD POSTURE,
16:12:22,0.2010,94.3,0.1312,BAD POSTURE,Body Tilt
Time,curr_Y,neck_angle,shoulder_diff,Status,Issues
16:12:46,0.2144,96.5,0.1127,GOOD POSTURE,
Time,curr_Y,neck_angle,shoulder_diff,Status,Issues
16:13:31,0.2285,96.8,0.1146,BAD POSTURE,Body Tilt
16:13:34,0.2269,87.5,0.1421,BAD POSTURE,Body Tilt
Time,curr_Y,neck_angle,shoulder_diff,Status,Issues
16:14:19,0.2138,91.0,0.0419,BAD POSTURE,Body Tilt
16:14:22,0.2755,86.7,0.1225,BAD POSTURE,Body Tilt
Time,curr_Y,neck_angle,shoulder_diff,Status,Issues
16:14:41,0.2419,96.0,0.1472,GOOD POSTURE,
Time,curr_Y,neck_angle,shoulder_diff,Status,Issues
16:15:02,0.2446,91.0,0.1103,BAD POSTURE,Body Tilt
Time,curr_Y,neck_angle,shoulder_diff,Status,Issues
16:15:18,0.2407,91.8,0.1415,GOOD POSTURE,
16:15:21,0.2554,89.8,0.1279,GOOD POSTURE,
Time,curr_Y,neck_angle,shoulder_diff,Status,Issues
16:15:40,0.2511,92.0,0.1351,BAD POSTURE,Body Tilt
Time,curr_Y,neck_angle,shoulder_diff,Status,Issues
16:16:04,0.1965,85.5,0.0992,GOOD POSTURE,
16:16:07,0.3026,82.4,0.0876,GOOD POSTURE,
Time,curr_Y,neck_angle,shoulder_diff,Status,Issues
16:16:31,0.2337,90.8,0.1025,GOOD POSTURE,
16:16:34,0.2481,91.1,0.1301,BAD POSTURE,Body Tilt
16:16:37,0.2505,91.0,0.1099,GOOD POSTURE,
Time,curr_Y,neck_angle,shoulder_diff,Status,Issues
16:17:03,0.2547,85.1,0.0599,GOOD POSTURE,
Time,curr_Y,neck_angle,shoulder_diff,Status,Issues
16:17:23,0.2169,91.7,0.1005,GOOD POSTURE,
16:17:26,0.2525,95.1,0.1367,BAD POSTURE,Body Tilt
16:17:29,0.2654,98.9,0.1449,BAD POSTURE,Body Tilt
16:17:32,0.2699,98.2,0.1260,BAD POSTURE,Body Tilt
Time,curr_Y,neck_angle,shoulder_diff,Status,Issues
16:18:08,0.2549,94.6,0.1289,BAD POSTURE,Body Tilt
Time,curr_Y,neck_angle,shoulder_diff,Status,Issues
16:18:31,0.2569,96.8,0.1346,GOOD POSTURE,
Time,curr_Y,neck_angle,shoulder_diff,Status,Issues
16:19:06,0.2312,97.1,0.1285,BAD POSTURE,Body Tilt
Time,curr_Y,neck_angle,shoulder_diff,Status,Issues
16:19:57,0.2680,100.3,0.1700,BAD POSTURE,Body Tilt
16:20:00,0.2639,102.2,0.1493,GOOD POSTURE,
16:20:03,0.2905,108.5,0.1949,BAD POSTURE,Body Tilt
16:20:06,0.2959,103.2,0.1780,BAD POSTURE,Body Tilt
16:20:09,0.0980,88.3,0.0538,BAD POSTURE,Forward/Head Drop
16:20:12,0.2041,94.0,0.1078,BAD POSTURE,Forward/Head Drop
16:20:27,0.2626,86.3,0.0242,GOOD POSTURE,
16:20:30,0.2759,109.3,0.2162,BAD POSTURE,Body Tilt
16:20:33,0.3192,111.1,0.2094,BAD POSTURE,Body Tilt
16:20:36,0.3106,104.4,0.2295,BAD POSTURE,Body Tilt
16:20:39,0.1861,96.7,0.1283,BAD POSTURE,Forward/Head Drop
16:20:42,0.2083,99.1,0.0895,BAD POSTURE,Forward/Head Drop
16:20:45,0.4065,104.9,0.0051,GOOD POSTURE,
16:20:48,0.3420,93.4,0.1889,BAD POSTURE,Body Tilt
16:20:51,0.3426,95.6,0.2096,BAD POSTURE,Body Tilt
16:20:54,0.2166,80.1,0.0173,GOOD POSTURE,
16:20:57,0.2041,76.9,0.0133,BAD POSTURE,Forward/Head Drop
16:21:00,0.2039,84.1,0.0483,BAD POSTURE,Forward/Head Drop
16:21:03,0.2057,88.3,0.1234,BAD POSTURE,Forward/Head Drop
16:21:06,0.2061,87.1,0.0554,BAD POSTURE,Forward/Head Drop
16:21:09,0.2235,96.4,0.0932,GOOD POSTURE,
16:21:12,0.1978,100.7,0.0827,BAD POSTURE,Forward/Head Drop
16:21:15,0.2810,96.5,0.0197,GOOD POSTURE,
16:21:18,0.2521,76.5,0.0461,GOOD POSTURE,
16:21:21,0.2468,64.0,0.0107,BAD POSTURE,Hunching
Time,curr_Y,neck_angle,shoulder_diff,Status,Issues
Time,curr_Y,neck_angle,shoulder_diff,Status,Issues
16:23:54,0.2768,99.6,0.1292,GOOD POSTURE,
16:23:57,0.2883,92.1,0.1235,GOOD POSTURE,
Time,curr_Y,neck_angle,shoulder_diff,Status,Issues
16:24:39,0.2902,105.6,0.1199,GOOD POSTURE,
16:24:42,0.2932,92.8,0.0889,GOOD POSTURE,
16:24:45,0.2667,92.3,0.1013,GOOD POSTURE,
Time,curr_Y,neck_angle,shoulder_diff,Status,Issues
16:25:00,0.3182,103.2,0.0826,GOOD POSTURE,
16:25:03,0.3100,102.1,0.0821,GOOD POSTURE,
Time,curr_Y,neck_angle,shoulder_diff,Status,Issues
16:25:18,0.2867,93.2,0.0536,GOOD POSTURE,
16:25:21,0.3021,95.8,0.0648,GOOD POSTURE,
16:25:24,0.2590,114.0,0.1641,BAD POSTURE,Body Tilt
16:25:27,0.2500,108.6,0.1659,BAD POSTURE,Body Tilt
16:25:30,0.2485,110.7,0.1580,BAD POSTURE,Body Tilt
16:25:33,0.2534,98.5,0.1671,BAD POSTURE,Body Tilt
Time,curr_Y,neck_angle,shoulder_diff,Status,Issues
16:26:44,0.2439,97.8,0.1484,BAD POSTURE,Body Tilt
Time,curr_Y,neck_angle,shoulder_diff,Status,Issues
16:27:04,0.2691,104.3,0.1210,GOOD POSTURE,
16:27:07,0.2460,104.2,0.1809,BAD POSTURE,Body Tilt
Time,curr_Y,neck_angle,shoulder_diff,Status,Issues
16:27:28,0.2352,109.9,0.1623,BAD POSTURE,Body Tilt
Time,curr_Y,neck_angle,shoulder_diff,Status,Issues
16:29:01,0.2426,101.1,0.1273,GOOD POSTURE,
16:29:04,0.2565,106.9,0.1538,BAD POSTURE,Body Tilt
Time,curr_Y,neck_angle,shoulder_diff,Status,Issues
16:29:22,0.2374,107.9,0.1674,BAD POSTURE,Body Tilt
16:29:25,0.2529,108.2,0.1957,BAD POSTURE,Body Tilt
16:29:28,0.2648,135.0,0.2370,BAD POSTURE,Body Tilt
16:29:31,0.2736,95.1,0.1708,BAD POSTURE,Body Tilt
16:29:34,0.2822,99.5,0.1260,GOOD POSTURE,
Time,curr_Y,neck_angle,shoulder_diff,Status,Issues
16:33:14,0.2625,101.4,0.1326,BAD POSTURE,Body Tilt
16:33:17,0.3118,94.1,0.1052,BAD POSTURE,Body Tilt
16:33:20,0.2687,102.0,0.1427,BAD POSTURE,Body Tilt
16:33:23,0.2671,96.8,0.1265,BAD POSTURE,Body Tilt
16:33:26,-0.1141,81.2,0.0140,BAD POSTURE,Forward/Head Drop
16:33:33,0.2932,92.3,0.1155,BAD POSTURE,Body Tilt
16:33:47,0.2010,90.8,0.0753,GOOD POSTURE,
16:33:50,0.2332,99.9,0.0678,GOOD POSTURE,
16:34:02,0.2059,95.6,0.0360,GOOD POSTURE,
16:34:05,0.1266,70.8,0.1442,BAD POSTURE,Forward/Head Drop/Hunching/Body Tilt
16:34:08,0.1400,69.2,0.1123,BAD POSTURE,Forward/Head Drop/Hunching/Body Tilt
16:34:11,0.1624,62.8,0.0403,BAD POSTURE,Forward/Head Drop/Hunching
16:34:14,0.1663,64.8,0.0346,BAD POSTURE,Forward/Head Drop/Hunching
16:34:17,0.1655,72.9,0.0449,BAD POSTURE,Forward/Head Drop/Hunching
16:34:20,0.1967,67.1,0.0420,BAD POSTURE,Hunching
16:34:23,0.1847,60.2,0.0556,BAD POSTURE,Forward/Head Drop/Hunching
16:34:26,0.2086,65.3,0.0460,BAD POSTURE,Hunching
16:34:29,0.1801,48.0,0.0000,BAD POSTURE,Forward/Head Drop/Hunching
16:34:33,0.2483,85.7,0.1018,BAD POSTURE,Body Tilt
16:34:36,0.2566,86.4,0.1097,BAD POSTURE,Body Tilt
16:34:39,0.3086,97.7,0.1237,BAD POSTURE,Body Tilt
16:34:42,0.2390,85.6,0.1342,BAD POSTURE,Body Tilt
16:34:45,0.2482,72.7,0.0977,BAD POSTURE,Hunching/Body Tilt
16:34:48,0.2256,73.1,0.0614,BAD POSTURE,Hunching
16:34:51,0.1697,73.6,0.1265,BAD POSTURE,Forward/Head Drop/Hunching/Body Tilt
16:34:54,0.1980,73.9,0.0415,GOOD POSTURE,
16:34:57,0.1592,82.3,0.1066,BAD POSTURE,Forward/Head Drop/Body Tilt
16:35:00,0.1594,76.9,0.1068,BAD POSTURE,Forward/Head Drop/Body Tilt
16:35:03,0.1692,77.9,0.1355,BAD POSTURE,Forward/Head Drop/Body Tilt
16:35:06,0.2053,68.0,0.0057,BAD POSTURE,Hunching
16:35:09,0.1342,79.1,0.0933,BAD POSTURE,Forward/Head Drop/Body Tilt
16:35:12,0.2478,63.8,0.0755,BAD POSTURE,Hunching
16:35:15,0.2044,71.8,0.0053,BAD POSTURE,Hunching
16:35:18,0.1586,74.3,0.1180,BAD POSTURE,Forward/Head Drop/Body Tilt
16:35:21,0.1730,72.0,0.0894,BAD POSTURE,Forward/Head Drop/Hunching/Body Tilt
16:35:24,0.1811,74.6,0.0991,BAD POSTURE,Forward/Head Drop/Body Tilt
16:35:28,0.1732,71.4,0.1102,BAD POSTURE,Forward/Head Drop/Hunching/Body Tilt
16:35:31,0.1815,77.8,0.1219,BAD POSTURE,Forward/Head Drop/Body Tilt
16:35:34,0.1903,76.3,0.0924,BAD POSTURE,Body Tilt
16:35:37,0.2004,78.7,0.1029,BAD POSTURE,Body Tilt
16:35:40,0.2304,82.1,0.0843,GOOD POSTURE,
16:35:43,0.2231,77.3,0.0778,GOOD POSTURE,
16:35:46,0.1905,84.9,0.1451,BAD POSTURE,Body Tilt
16:35:49,0.1914,75.9,0.1252,BAD POSTURE,Body Tilt
16:35:52,0.2345,77.0,0.1037,BAD POSTURE,Body Tilt
16:35:55,0.2036,87.1,0.1402,BAD POSTURE,Body Tilt
16:35:58,0.2577,74.2,0.1101,BAD POSTURE,Body Tilt
16:36:01,0.2336,79.4,0.1420,BAD POSTURE,Body Tilt
16:36:04,0.2284,77.6,0.1099,BAD POSTURE,Body Tilt
16:36:07,0.1966,71.2,0.1197,BAD POSTURE,Hunching/Body Tilt
16:36:10,0.2035,69.2,0.0883,BAD POSTURE,Hunching/Body Tilt
16:36:13,0.1742,69.4,0.0854,BAD POSTURE,Forward/Head Drop/Hunching
16:36:17,0.1932,76.6,0.1246,BAD POSTURE,Body Tilt
16:36:20,0.2139,73.0,0.1378,BAD POSTURE,Hunching/Body Tilt
16:36:23,0.2013,68.3,0.1105,BAD POSTURE,Hunching/Body Tilt
16:36:26,0.1998,68.2,0.1199,BAD POSTURE,Hunching/Body Tilt
16:36:29,0.2249,81.3,0.0944,BAD POSTURE,Body Tilt
16:36:32,0.2152,81.9,0.1226,BAD POSTURE,Body Tilt
16:36:35,0.1963,74.7,0.1569,BAD POSTURE,Body Tilt
16:36:38,0.1208,78.5,0.1405,BAD POSTURE,Forward/Head Drop/Body Tilt
16:36:41,0.1260,67.6,0.0360,BAD POSTURE,Forward/Head Drop/Hunching
16:36:44,0.1562,72.0,0.1072,BAD POSTURE,Forward/Head Drop/Hunching/Body Tilt
16:36:47,0.1748,71.5,0.1369,BAD POSTURE,Forward/Head Drop/Hunching/Body Tilt
16:36:50,0.1913,74.0,0.1678,BAD POSTURE,Body Tilt
16:36:53,0.2107,63.3,0.1331,BAD POSTURE,Hunching/Body Tilt
16:36:56,0.1558,47.1,0.0454,BAD POSTURE,Forward/Head Drop/Hunching
16:36:59,0.2655,89.9,0.1335,BAD POSTURE,Body Tilt
16:37:02,0.2733,78.9,0.0854,GOOD POSTURE,
16:37:05,0.2180,88.1,0.0004,GOOD POSTURE,
16:37:08,0.2719,86.7,0.1150,BAD POSTURE,Body Tilt
16:37:11,0.2508,81.7,0.0714,GOOD POSTURE,
16:37:15,0.2335,82.5,0.0588,GOOD POSTURE,
16:37:18,0.2599,83.5,0.0750,GOOD POSTURE,
16:37:21,0.2465,80.6,0.0627,GOOD POSTURE,
16:37:24,0.2494,80.4,0.0775,GOOD POSTURE,
16:37:27,0.2566,80.3,0.0773,GOOD POSTURE,
16:37:30,0.2552,80.6,0.0890,BAD POSTURE,Body Tilt
16:37:33,0.2803,74.9,0.0849,GOOD POSTURE,
16:37:36,0.2713,79.2,0.1282,BAD POSTURE,Body Tilt
16:37:39,0.2901,73.0,0.0950,BAD POSTURE,Hunching/Body Tilt
16:37:42,0.2654,79.9,0.1026,BAD POSTURE,Body Tilt
16:37:45,0.2427,81.2,0.1288,BAD POSTURE,Body Tilt
Time,curr_Y,neck_angle,shoulder_diff,Status,Issues
Time,curr_Y,neck_angle,shoulder_diff,Status,Issues
16:38:04,0.2439,93.7,0.1510,GOOD POSTURE,
16:38:07,0.2891,100.1,0.1779,BAD POSTURE,Body Tilt
16:38:10,0.2762,88.4,0.1698,GOOD POSTURE,
Time,curr_Y,neck_angle,shoulder_diff,Status,Issues
Time,curr_Y,neck_angle,shoulder_diff,Status,Issues
16:38:47,0.2745,101.1,0.1731,BAD POSTURE,Body Tilt
Time,curr_Y,neck_angle,shoulder_diff,Status,Issues
Time,curr_Y,neck_angle,shoulder_diff,Status,Issues
Time,curr_Y,neck_angle,shoulder_diff,Status,Issues
16:40:54,0.2972,106.3,0.2197,BAD POSTURE,Body Tilt
Time,curr_Y,neck_angle,shoulder_diff,Status,Issues
16:41:17,0.2715,99.0,0.1423,GOOD POSTURE,
Time,curr_Y,neck_angle,shoulder_diff,Status,Issues
16:41:52,0.2620,96.8,0.1607,BAD POSTURE,Body Tilt
Time,curr_Y,neck_angle,shoulder_diff,Status,Issues
16:42:10,0.2703,105.9,0.1937,BAD POSTURE,Body Tilt
Time,curr_Y,neck_angle,shoulder_diff,Status,Issues
16:42:26,0.2665,104.5,0.1850,BAD POSTURE,Body Tilt
Time,curr_Y,neck_angle,shoulder_diff,Status,Issues
16:45:06,0.2651,103.8,0.1694,BAD POSTURE,Body Tilt
16:45:09,0.2792,102.1,0.1629,BAD POSTURE,Body Tilt
16:45:12,0.2680,101.1,0.1603,BAD POSTURE,Body Tilt
Time,curr_Y,neck_angle,shoulder_diff,Status,Issues
Time,curr_Y,neck_angle,shoulder_diff,Status,Issues
16:47:48,0.2816,103.7,0.1640,BAD POSTURE,Body Tilt
Time,curr_Y,neck_angle,shoulder_diff,Status,Issues
16:48:12,0.2619,102.0,0.1181,BAD POSTURE,Body Tilt
16:48:15,0.2740,90.6,0.1279,BAD POSTURE,Body Tilt
Time,curr_Y,neck_angle,shoulder_diff,Status,Issues
16:50:40,0.2670,101.1,0.1786,GOOD POSTURE,
16:50:43,0.2150,89.0,0.0164,BAD POSTURE,Forward/Head Drop
16:50:46,0.2485,108.1,0.0884,GOOD POSTURE,
16:50:49,0.2341,88.4,0.1125,BAD POSTURE,Forward/Head Drop
16:50:52,0.2132,84.2,0.1101,BAD POSTURE,Forward/Head Drop
16:50:55,0.2488,81.8,0.1200,GOOD POSTURE,
16:50:58,0.2080,105.8,0.1939,BAD POSTURE,Forward/Head Drop/Body Tilt
16:51:01,0.2167,100.0,0.1955,BAD POSTURE,Forward/Head Drop/Body Tilt
16:51:04,0.2798,96.2,0.1048,GOOD POSTURE,
Time,curr_Y,neck_angle,shoulder_diff,Status,Issues
16:53:58,0.2851,96.4,0.1095,BAD POSTURE,Body Tilt
16:54:01,0.2661,77.1,0.0385,BAD POSTURE,Hunching
Time,curr_Y,neck_angle,shoulder_diff,Status,Issues
Time,curr_Y,neck_angle,shoulder_diff,Status,Issues
17:03:41,0.2767,97.6,0.1419,BAD POSTURE,Body Tilt
17:03:44,0.2777,97.4,0.1414,BAD POSTURE,Body Tilt
Time,curr_Y,neck_angle,shoulder_diff,Status,Issues
17:04:18,0.2567,116.6,0.1386,BAD POSTURE,Body Tilt
17:04:21,0.2471,75.3,0.0964,BAD POSTURE,Hunching/Body Tilt
17:04:24,0.2173,73.2,0.0513,BAD POSTURE,Forward/Head Drop/Hunching
Time,curr_Y,neck_angle,shoulder_diff,Status,Issues
17:06:59,0.1003,95.0,0.0768,GOOD POSTURE,
17:07:04,0.1446,75.7,0.1383,BAD POSTURE,Hunching/Body Tilt
17:07:07,0.1792,135.5,0.0299,GOOD POSTURE,
17:07:10,0.1591,90.8,0.0168,GOOD POSTURE,
17:07:13,0.1842,77.7,0.0675,BAD POSTURE,Hunching
17:07:16,0.2783,84.6,0.0092,GOOD POSTURE,
17:07:19,0.3082,57.6,0.0314,BAD POSTURE,Hunching
17:07:22,0.3149,108.7,0.1198,BAD POSTURE,Body Tilt
17:07:25,0.3107,99.5,0.1595,BAD POSTURE,Body Tilt
17:07:28,0.2887,93.7,0.1411,BAD POSTURE,Body Tilt
17:07:31,0.2864,88.8,0.1433,BAD POSTURE,Body Tilt
17:07:34,0.2999,120.4,0.0072,GOOD POSTURE,
17:07:37,0.3048,112.8,0.0314,GOOD POSTURE,
17:07:40,0.3156,108.0,0.0157,GOOD POSTURE,
17:07:43,0.2740,81.9,0.1054,BAD POSTURE,Body Tilt
17:07:46,0.2365,76.7,0.1445,BAD POSTURE,Hunching/Body Tilt
17:07:49,0.2809,80.8,0.0151,GOOD POSTURE,
17:07:52,0.3107,94.9,0.0049,GOOD POSTURE,
17:07:55,0.2542,83.3,0.1113,BAD POSTURE,Body Tilt
Time,curr_Y,neck_angle,shoulder_diff,Status,Issues
17:09:37,0.2777,81.5,0.0722,BAD POSTURE,Body Tilt
17:09:40,0.2255,80.7,0.0599,BAD POSTURE,Body Tilt
Time,curr_Y,neck_angle,shoulder_diff,Status,Issues
17:10:02,0.2107,76.3,0.0690,GOOD POSTURE,
17:10:05,0.1335,75.9,0.0249,BAD POSTURE,Forward/Head Drop
Time,curr_Y,neck_angle,shoulder_diff,Status,Issues
17:10:40,0.1729,79.1,0.0008,GOOD POSTURE,
17:10:43,0.1406,76.8,0.0483,BAD POSTURE,Body Tilt
Time,curr_Y,neck_angle,shoulder_diff,Status,Issues
17:12:10,0.2247,100.7,0.0186,GOOD POSTURE,
17:12:13,0.1990,84.8,0.0321,BAD POSTURE,Forward/Head Drop/Hunching
17:12:16,0.2779,110.5,0.0552,BAD POSTURE,Body Tilt
17:12:19,0.2671,120.0,0.1192,BAD POSTURE,Body Tilt
17:12:22,0.2556,113.2,0.1273,BAD POSTURE,Body Tilt
17:12:25,0.2666,113.2,0.1217,BAD POSTURE,Body Tilt
17:12:28,0.2794,117.8,0.1201,BAD POSTURE,Body Tilt
17:12:31,0.2677,114.3,0.1223,BAD POSTURE,Body Tilt
17:12:34,0.2638,112.6,0.1247,BAD POSTURE,Body Tilt
17:12:37,0.2724,115.4,0.1203,BAD POSTURE,Body Tilt
17:12:40,0.2634,112.7,0.1263,BAD POSTURE,Body Tilt
17:12:43,0.2625,110.6,0.1285,BAD POSTURE,Body Tilt
17:12:46,0.2628,108.6,0.1248,BAD POSTURE,Body Tilt
17:12:50,0.2646,113.3,0.1285,BAD POSTURE,Body Tilt
17:12:53,0.2473,84.5,0.0192,BAD POSTURE,Hunching
17:12:56,0.2597,89.5,0.0302,GOOD POSTURE,
17:12:59,0.2945,101.1,0.0311,GOOD POSTURE,
17:13:02,0.2893,93.5,0.0413,GOOD POSTURE,
17:13:05,0.2798,85.4,0.0379,BAD POSTURE,Hunching
17:13:08,0.2657,98.6,0.0291,GOOD POSTURE,
17:13:11,0.2456,93.7,0.0440,BAD POSTURE,Body Tilt
17:13:14,0.2847,96.7,0.0434,GOOD POSTURE,
17:13:17,0.2405,79.1,0.0594,BAD POSTURE,Hunching/Body Tilt
17:13:20,0.1804,91.3,0.0253,BAD POSTURE,Forward/Head Drop
17:13:23,0.1067,73.1,0.0149,BAD POSTURE,Forward/Head Drop/Hunching
17:13:35,0.0988,18.5,0.0094,BAD POSTURE,Forward/Head Drop/Hunching
17:13:38,0.1538,75.8,0.0250,BAD POSTURE,Forward/Head Drop/Hunching
17:13:42,0.1908,70.8,0.0335,BAD POSTURE,Forward/Head Drop/Hunching
17:13:45,0.1840,72.7,0.0641,BAD POSTURE,Forward/Head Drop/Hunching/Body Tilt
17:13:48,0.1899,61.3,0.0332,BAD POSTURE,Forward/Head Drop/Hunching
17:13:51,0.1800,58.9,0.0240,BAD POSTURE,Forward/Head Drop/Hunching
17:13:54,0.2009,80.6,0.0260,BAD POSTURE,Forward/Head Drop/Hunching
17:13:57,0.2198,73.5,0.0366,BAD POSTURE,Hunching
17:14:00,0.2140,68.9,0.0141,BAD POSTURE,Hunching
17:14:03,0.2041,67.9,0.0203,BAD POSTURE,Forward/Head Drop/Hunching
17:14:06,0.2036,72.5,0.0408,BAD POSTURE,Forward/Head Drop/Hunching
17:14:09,0.1900,74.6,0.0094,BAD POSTURE,Forward/Head Drop/Hunching
17:14:12,0.2413,80.7,0.0073,BAD POSTURE,Hunching
17:14:15,0.2217,74.7,0.0056,BAD POSTURE,Hunching
17:14:18,0.2240,73.8,0.0073,BAD POSTURE,Hunching
17:14:21,0.2277,65.5,0.0107,BAD POSTURE,Hunching
17:14:25,0.2787,89.4,0.0195,GOOD POSTURE,
17:14:28,0.2311,71.2,0.0158,BAD POSTURE,Hunching
17:14:31,0.2242,73.7,0.0201,BAD POSTURE,Hunching
17:14:34,0.2096,80.5,0.0308,BAD POSTURE,Forward/Head Drop/Hunching
17:14:37,0.1747,70.4,0.0348,BAD POSTURE,Forward/Head Drop/Hunching
17:14:40,0.1443,80.9,0.0474,BAD POSTURE,Forward/Head Drop/Hunching/Body Tilt
17:14:43,0.2127,79.9,0.0045,BAD POSTURE,Forward/Head Drop/Hunching
17:14:46,0.2723,91.9,0.0522,BAD POSTURE,Body Tilt
17:14:49,0.2636,83.7,0.0191,BAD POSTURE,Hunching
17:14:52,0.2497,90.9,0.0160,GOOD POSTURE,
17:14:55,0.3031,91.9,0.0050,GOOD POSTURE,
17:14:58,0.2654,78.6,0.0106,BAD POSTURE,Hunching
17:15:01,0.2499,77.0,0.0292,BAD POSTURE,Hunching
17:15:04,0.2696,92.8,0.0078,GOOD POSTURE,
17:15:07,0.2497,80.4,0.0118,BAD POSTURE,Hunching
17:15:10,0.2556,75.0,0.0073,BAD POSTURE,Hunching
17:15:13,0.2628,79.7,0.0067,BAD POSTURE,Hunching
17:15:16,0.2897,107.0,0.1391,BAD POSTURE,Body Tilt
17:15:19,0.2908,83.4,0.0067,BAD POSTURE,Hunching
17:15:22,0.1283,106.9,0.0816,BAD POSTURE,Forward/Head Drop/Body Tilt
17:15:25,0.2468,96.3,0.0574,BAD POSTURE,Body Tilt
17:15:28,0.0264,88.2,0.1606,BAD POSTURE,Forward/Head Drop/Body Tilt
17:15:31,0.1822,86.5,0.0601,BAD POSTURE,Forward/Head Drop/Hunching/Body Tilt
17:15:34,0.2484,95.2,0.0357,GOOD POSTURE,
17:15:37,0.2320,85.4,0.0708,BAD POSTURE,Hunching/Body Tilt
17:15:40,0.2406,81.3,0.0465,BAD POSTURE,Hunching/Body Tilt
17:15:43,0.2127,77.1,0.0493,BAD POSTURE,Forward/Head Drop/Hunching/Body Tilt
17:15:46,0.2278,84.7,0.0210,BAD POSTURE,Hunching
17:15:49,0.2746,92.7,0.0303,GOOD POSTURE,
17:15:52,0.1765,84.0,0.0798,BAD POSTURE,Forward/Head Drop/Hunching/Body Tilt
17:15:55,0.1726,68.0,0.0552,BAD POSTURE,Forward/Head Drop/Hunching/Body Tilt
17:15:58,0.1717,68.9,0.1181,BAD POSTURE,Forward/Head Drop/Hunching/Body Tilt
17:16:01,0.1694,70.8,0.0571,BAD POSTURE,Forward/Head Drop/Hunching/Body Tilt
17:16:04,0.1807,73.9,0.0581,BAD POSTURE,Forward/Head Drop/Hunching/Body Tilt
17:16:07,0.1796,70.7,0.0495,BAD POSTURE,Forward/Head Drop/Hunching/Body Tilt
17:16:10,0.1627,66.6,0.0479,BAD POSTURE,Forward/Head Drop/Hunching/Body Tilt
17:16:13,0.1686,66.5,0.0393,BAD POSTURE,Forward/Head Drop/Hunching
17:16:16,0.1609,71.4,0.1085,BAD POSTURE,Forward/Head Drop/Hunching/Body Tilt
17:16:19,0.1615,67.6,0.0798,BAD POSTURE,Forward/Head Drop/Hunching/Body Tilt
17:16:22,0.1713,66.9,0.0634,BAD POSTURE,Forward/Head Drop/Hunching/Body Tilt
17:16:25,0.2007,70.1,0.0263,BAD POSTURE,Forward/Head Drop/Hunching
17:16:28,0.1715,65.3,0.0666,BAD POSTURE,Forward/Head Drop/Hunching/Body Tilt
17:16:32,0.1969,68.8,0.1124,BAD POSTURE,Forward/Head Drop/Hunching/Body Tilt
17:16:35,0.2204,58.1,0.0435,BAD POSTURE,Hunching
17:16:38,0.2102,73.6,0.0479,BAD POSTURE,Forward/Head Drop/Hunching/Body Tilt
17:16:41,0.2214,69.9,0.0619,BAD POSTURE,Hunching/Body Tilt
17:16:44,0.2719,70.8,0.0049,BAD POSTURE,Hunching
17:16:47,0.1859,64.8,0.0440,BAD POSTURE,Forward/Head Drop/Hunching/Body Tilt
17:16:50,0.1890,63.9,0.0206,BAD POSTURE,Forward/Head Drop/Hunching
17:16:53,0.2203,76.2,0.0104,BAD POSTURE,Hunching
17:16:56,0.1553,50.8,0.0606,BAD POSTURE,Forward/Head Drop/Hunching/Body Tilt
17:16:59,0.1245,76.8,0.0285,BAD POSTURE,Forward/Head Drop/Hunching
17:17:02,0.1680,71.0,0.0003,BAD POSTURE,Forward/Head Drop/Hunching
17:17:05,0.1908,75.9,0.0095,BAD POSTURE,Forward/Head Drop/Hunching
17:17:08,0.1975,80.4,0.0256,BAD POSTURE,Forward/Head Drop/Hunching
17:17:11,0.2028,76.3,0.0275,BAD POSTURE,Forward/Head Drop/Hunching
17:17:14,0.2533,23.5,0.0918,BAD POSTURE,Hunching/Body Tilt
17:24:31,0.1072,19.2,0.0620,BAD POSTURE,Forward/Head Drop/Hunching/Body Tilt
17:24:54,0.1328,75.6,0.0364,BAD POSTURE,Forward/Head Drop/Hunching
17:25:40,0.0853,30.8,0.0033,BAD POSTURE,Forward/Head Drop/Hunching
17:25:45,0.2383,85.4,0.0202,BAD POSTURE,Hunching
17:25:48,0.2163,86.9,0.0538,BAD POSTURE,Hunching/Body Tilt
17:25:51,0.2140,80.2,0.0481,BAD POSTURE,Hunching/Body Tilt
17:25:54,0.2148,75.9,0.0381,BAD POSTURE,Hunching
17:25:57,0.2047,78.2,0.0667,BAD POSTURE,Forward/Head Drop/Hunching/Body Tilt
17:26:00,0.2184,74.7,0.0221,BAD POSTURE,Hunching
17:26:03,0.3221,83.6,0.0189,BAD POSTURE,Hunching
17:26:06,0.2201,70.5,0.0251,BAD POSTURE,Hunching
17:26:09,0.0587,86.9,0.0060,BAD POSTURE,Forward/Head Drop/Hunching
17:26:14,0.2548,81.8,0.1112,BAD POSTURE,Hunching/Body Tilt
17:26:17,0.1973,81.4,0.0488,BAD POSTURE,Forward/Head Drop/Hunching/Body Tilt
17:26:20,0.2746,82.1,0.0042,BAD POSTURE,Hunching
17:26:23,0.2588,83.7,0.0509,BAD POSTURE,Hunching/Body Tilt
17:26:26,0.2032,65.9,0.0435,BAD POSTURE,Forward/Head Drop/Hunching
17:26:29,0.2222,79.7,0.0554,BAD POSTURE,Hunching/Body Tilt
17:26:32,0.2109,67.3,0.0855,BAD POSTURE,Forward/Head Drop/Hunching/Body Tilt
17:26:35,0.1864,68.7,0.0746,BAD POSTURE,Forward/Head Drop/Hunching/Body Tilt
17:26:38,0.2345,66.1,0.0077,BAD POSTURE,Hunching
17:26:41,0.2700,74.3,0.0052,BAD POSTURE,Hunching
17:26:45,0.2772,84.8,0.0132,BAD POSTURE,Hunching
17:26:48,0.1717,125.0,0.0221,BAD POSTURE,Forward/Head Drop
17:26:51,0.3029,77.2,0.0489,BAD POSTURE,Hunching/Body Tilt
17:27:01,0.2574,59.7,0.0909,BAD POSTURE,Hunching/Body Tilt
17:27:04,0.4468,107.6,0.0085,GOOD POSTURE,
17:27:07,0.3818,61.8,0.0250,BAD POSTURE,Hunching
17:27:10,0.3438,69.1,0.0588,BAD POSTURE,Hunching/Body Tilt
17:27:13,0.2454,55.0,0.0155,BAD POSTURE,Hunching
17:27:16,0.2543,66.7,0.0433,BAD POSTURE,Hunching
17:27:19,0.2688,61.5,0.0843,BAD POSTURE,Hunching/Body Tilt
17:27:22,0.2920,66.2,0.0700,BAD POSTURE,Hunching/Body Tilt
17:27:25,0.2614,64.9,0.1043,BAD POSTURE,Hunching/Body Tilt
17:27:29,0.3452,71.1,0.0087,BAD POSTURE,Hunching
17:27:32,0.1796,76.5,0.0238,BAD POSTURE,Forward/Head Drop/Hunching
17:27:35,0.1602,62.7,0.0788,BAD POSTURE,Forward/Head Drop/Hunching/Body Tilt
17:27:38,0.2173,74.6,0.0694,BAD POSTURE,Hunching/Body Tilt
17:27:41,0.2060,71.5,0.0626,BAD POSTURE,Forward/Head Drop/Hunching/Body Tilt
17:27:44,0.2023,68.4,0.0601,BAD POSTURE,Forward/Head Drop/Hunching/Body Tilt
17:27:47,0.1959,69.0,0.0558,BAD POSTURE,Forward/Head Drop/Hunching/Body Tilt
17:27:50,0.4091,101.3,0.1386,BAD POSTURE,Body Tilt
17:27:54,0.0284,38.9,0.0811,BAD POSTURE,Forward/Head Drop/Hunching/Body Tilt
17:28:06,0.1133,21.6,0.0149,BAD POSTURE,Forward/Head Drop/Hunching
17:28:09,0.1565,82.1,0.0127,BAD POSTURE,Forward/Head Drop/Hunching
17:28:12,0.2118,78.4,0.0856,BAD POSTURE,Forward/Head Drop/Hunching/Body Tilt
17:28:15,0.2092,82.9,0.0722,BAD POSTURE,Forward/Head Drop/Hunching/Body Tilt
17:28:18,0.2218,83.4,0.0406,BAD POSTURE,Hunching
17:28:21,0.1761,76.7,0.0476,BAD POSTURE,Forward/Head Drop/Hunching/Body Tilt
17:28:24,0.2014,83.2,0.0561,BAD POSTURE,Forward/Head Drop/Hunching/Body Tilt
17:28:27,0.2027,82.6,0.0542,BAD POSTURE,Forward/Head Drop/Hunching/Body Tilt
17:28:30,0.3209,108.1,0.0861,BAD POSTURE,Body Tilt
17:28:33,0.2887,87.7,0.0100,GOOD POSTURE,
17:28:36,0.3323,95.3,0.0760,BAD POSTURE,Body Tilt
17:28:39,0.2542,52.7,0.0509,BAD POSTURE,Hunching/Body Tilt
17:28:42,0.2483,95.1,0.0232,GOOD POSTURE,
17:28:46,0.2300,90.9,0.0210,GOOD POSTURE,
17:28:49,0.2646,91.0,0.0248,GOOD POSTURE,
17:28:52,0.2252,84.8,0.0039,BAD POSTURE,Hunching
17:28:55,0.2633,89.2,0.0227,GOOD POSTURE,
17:28:58,0.2357,85.1,0.0551,BAD POSTURE,Hunching/Body Tilt
17:29:01,0.2569,83.3,0.0076,BAD POSTURE,Hunching
17:29:04,0.2544,85.3,0.0061,BAD POSTURE,Hunching
17:29:07,0.2186,80.8,0.0281,BAD POSTURE,Hunching
17:29:10,0.2060,63.7,0.0113,BAD POSTURE,Forward/Head Drop/Hunching
17:29:13,0.2310,81.5,0.0366,BAD POSTURE,Hunching
17:29:17,0.2258,81.8,0.0781,BAD POSTURE,Hunching/Body Tilt
17:29:20,0.2937,81.8,0.0107,BAD POSTURE,Hunching
17:29:23,0.2914,94.9,0.0721,BAD POSTURE,Body Tilt
17:29:26,0.2445,87.5,0.1060,BAD POSTURE,Body Tilt
17:29:29,0.0541,104.1,0.1038,BAD POSTURE,Forward/Head Drop/Body Tilt
17:30:10,0.1261,89.2,0.0457,BAD POSTURE,Forward/Head Drop/Body Tilt
17:30:17,0.2443,78.1,0.0655,BAD POSTURE,Hunching/Body Tilt
17:30:26,0.2570,81.3,0.0215,BAD POSTURE,Hunching
17:30:30,0.2745,108.2,0.0427,GOOD POSTURE,
17:30:34,0.2215,89.7,0.0710,BAD POSTURE,Body Tilt
17:30:37,0.0450,49.6,0.0243,BAD POSTURE,Forward/Head Drop/Hunching
17:30:40,0.2521,73.1,0.0043,BAD POSTURE,Hunching
17:30:43,0.2397,104.0,0.0036,GOOD POSTURE,
17:30:47,0.2429,84.6,0.0083,BAD POSTURE,Hunching
17:30:50,0.2575,74.7,0.0108,BAD POSTURE,Hunching
17:30:53,0.2230,79.4,0.0357,BAD POSTURE,Hunching
17:30:56,0.2431,75.4,0.0402,BAD POSTURE,Hunching
17:30:59,0.2270,70.7,0.0546,BAD POSTURE,Hunching/Body Tilt
17:31:02,0.2025,66.0,0.0218,BAD POSTURE,Forward/Head Drop/Hunching
17:31:05,0.2004,67.2,0.0372,BAD POSTURE,Forward/Head Drop/Hunching
17:31:08,0.1721,62.6,0.0613,BAD POSTURE,Forward/Head Drop/Hunching/Body Tilt
17:31:11,0.1968,72.4,0.0571,BAD POSTURE,Forward/Head Drop/Hunching/Body Tilt
17:31:14,0.1691,63.2,0.0516,BAD POSTURE,Forward/Head Drop/Hunching/Body Tilt
17:31:17,0.1745,65.8,0.0368,BAD POSTURE,Forward/Head Drop/Hunching
17:31:20,0.1816,69.4,0.0472,BAD POSTURE,Forward/Head Drop/Hunching/Body Tilt
17:31:23,0.1809,68.9,0.0340,BAD POSTURE,Forward/Head Drop/Hunching
17:31:27,0.1901,66.0,0.0370,BAD POSTURE,Forward/Head Drop/Hunching
17:31:30,0.2077,75.6,0.0459,BAD POSTURE,Forward/Head Drop/Hunching/Body Tilt
17:31:33,0.1942,74.6,0.0181,BAD POSTURE,Forward/Head Drop/Hunching
17:31:36,0.2295,84.7,0.0386,BAD POSTURE,Hunching
17:31:39,0.2479,79.8,0.0635,BAD POSTURE,Hunching/Body Tilt
17:31:42,0.2937,94.7,0.0765,BAD POSTURE,Body Tilt
17:31:45,0.2302,86.6,0.0973,BAD POSTURE,Hunching/Body Tilt
17:31:48,0.2464,93.5,0.0832,BAD POSTURE,Body Tilt
17:31:51,0.2756,102.9,0.0875,BAD POSTURE,Body Tilt
17:31:54,0.2966,106.2,0.1047,BAD POSTURE,Body Tilt
17:31:57,0.2488,93.3,0.0637,BAD POSTURE,Body Tilt
Time,curr_Y,neck_angle,shoulder_diff,Status,Issues
17:34:12,0.2623,109.8,0.1482,BAD POSTURE,Body Tilt
17:34:15,0.2525,98.2,0.0823,GOOD POSTURE,
17:34:18,0.1750,88.8,0.0418,BAD POSTURE,Forward/Head Drop
17:34:21,0.1325,84.5,0.0737,BAD POSTURE,Forward/Head Drop
17:34:24,0.2328,69.0,0.0336,BAD POSTURE,Hunching
17:34:27,0.1676,77.2,0.0339,BAD POSTURE,Forward/Head Drop/Hunching
17:34:30,0.2364,78.9,0.0636,GOOD POSTURE,
17:34:33,0.2561,76.9,0.0678,BAD POSTURE,Hunching
17:34:36,0.2945,84.5,0.0705,GOOD POSTURE,
17:34:39,0.3149,104.3,0.0626,GOOD POSTURE,
17:34:42,0.3090,93.3,0.0612,GOOD POSTURE,
17:34:45,0.2247,78.7,0.0798,GOOD POSTURE,
